id,name,knelpunt1,knelpunt2,knelpunt3,knelpunt4,knelpunt5,timestamp
"3vY1ybtrot2PEeHhmDcS","Anton","[object Object]","[object Object]","[object Object]","[object Object]","[object Object]","[object Object]"
"59abJhlGnM4txvp79qSW","Hanneke","[object Object]","[object Object]","[object Object]","[object Object]","[object Object]","[object Object]"
"BoBlw2HQ2LRvBG1xdwm8","Hilda","[object Object]","[object Object]","[object Object]","[object Object]","[object Object]","[object Object]"
"ELQZHzBrGayZzHjK7Wif","Danielle","[object Object]","[object Object]","[object Object]","[object Object]","[object Object]","[object Object]"
"FgdJa6cfD33giHrJLQXR","Raoul","[object Object]","[object Object]","[object Object]","[object Object]","[object Object]","[object Object]"
"OiKzKqGuJYPT9Ooa6D3l","Martijn","[object Object]","[object Object]","[object Object]","[object Object]","[object Object]","[object Object]"
"UuEyFoibzCHcSInlq7SP","Denice","[object Object]","[object Object]","[object Object]","[object Object]","[object Object]","[object Object]"
"aw0SlimZov7jcqHELD1F","Hendrike","[object Object]","[object Object]","[object Object]","[object Object]","[object Object]","[object Object]"
"b8hJA69dXABkGehLg47O","Carolien","[object Object]","[object Object]","[object Object]","[object Object]","[object Object]","[object Object]"
"cRQhaurDxdKBYAZLPTgm","Jolanda","[object Object]","[object Object]","[object Object]","[object Object]","[object Object]","[object Object]"
"lhPYuiZ8qfkEGvsfhhCD","Wolter","[object Object]","[object Object]","[object Object]","[object Object]","[object Object]","[object Object]"
"oECKgYNiICumqEaItzvv","Pauline","[object Object]","[object Object]","[object Object]","[object Object]","[object Object]","[object Object]"
"pNum8dfY1MUSbLHu185X","Brecht","[object Object]","[object Object]","[object Object]","[object Object]","[object Object]","[object Object]"
"vg8oVpGBdTBZOrQZM79H","nieuw","[object Object]","[object Object]","[object Object]","[object Object]","[object Object]","[object Object]"
"yanQChc52UNZ4XJKkGTg","Ilse","[object Object]","[object Object]","[object Object]","[object Object]","[object Object]","[object Object]"